insert into country (id, name) values ('1','Polska');
insert into country (id, name) values ('2','Niemcy');
insert into country (id, name) values ('3','Wegry');

insert into city (id, name, country, lat, lon) values ('1','Lodz','1','51.761422','19.484902');
insert into city (id, name, country, lat, lon) values ('2','Kielmina','1','51.866490','19.533357');
insert into city (id, name, country, lat, lon) values ('3','Zielona Gora','1','51.940485','15.505430');
insert into city (id, name, country, lat, lon) values ('4','Torun','1','53.011253','18.606331');
insert into city (id, name, country, lat, lon) values ('5','Wroclaw','1','51.110248','17.032011');
insert into city (id, name, country, lat, lon) values ('6','Nürburg','2','50.345444','6.953443');
insert into city (id, name, country, lat, lon) values ('7','Norymberga','2','49.446831','11.075582');
insert into city (id, name, country, lat, lon) values ('8','Hockenheim','2','49.325391','8.539521');
insert into city (id, name, country, lat, lon) values ('9','Oschersleben','2','52.029046','11.224818');
insert into city (id, name, country, lat, lon) values ('10','Klettwitz','2','51.540585','13.889407');
insert into city (id, name, country, lat, lon) values ('11','Mogyoród','3','47.601217','19.255235');
insert into city (id, name, country, lat, lon) values ('12','Ostffyasszonyfa','3','47.324459','17.034941');

insert into place (id, name, city, lat, lon) values ('1','Nürburgring Nordschleife','6','50.338385','6.950180');
insert into place (id, name, city, lat, lon) values ('2','Norisring','7','49.431556','11.124866');
insert into place (id, name, city, lat, lon) values ('3','Motorsport Arena Oschersleben','9','52.026563','11.278243');
insert into place (id, name, city, lat, lon) values ('4','Hockenheimring','8','49.329827','8.570965');
insert into place (id, name, city, lat, lon) values ('5','EuroSpeedway Lausitz','10','51.534337','13.928540');
insert into place (id, name, city, lat, lon) values ('6','Hungaroring','11','47.581617','19.250772');
insert into place (id, name, city, lat, lon) values ('7','Pannónia-Ring','12','47.304625','17.047381');
insert into place (id, name, city, lat, lon) values ('8','Gokart Arena','1','51.782109','19.466424');
insert into place (id, name, city, lat, lon) values ('9','Tor Kartingowy Le Mans','1','51.705152','19.412253');
insert into place (id, name, city, lat, lon) values ('10','TOR ŁÓDŹ','2','51.877313','19.533439');
insert into place (id, name, city, lat, lon) values ('11','Klub Żużlowy "Orzeł"','1','51.764882','19.429317');
insert into place (id, name, city, lat, lon) values ('12','Motoarena Toruń im. Mariana Rosego - MOSiR','4','53.018554','18.546762');
insert into place (id, name, city, lat, lon) values ('13','MotoPark Toruń','4','53.021034','18.547530');
